Scenario,Profit_Billion
Current,88.23933692
Fuel +20%,54.282479019
Ticket +10%,125.24795284950002
Load Factor +5%,108.096546895
New Route,88.93933692
